{
    "histogram": {
        "15": 3.0418575200006357,
        "21": 4.757487519999892,
        "33": 3.215277599999979,
        "35": 4.272687339999527,
        "39": 2.5767944800005465,
        "51": 12.318827200000241,
        "55": 7.393406160000415,
        "57": 7.386790259999227,
        "65": 22.44218559999949,
        "69": 16.129285940001083,
        "77": 77.55075240000006,
        "85": 83.39029565999911
    }
}